name,url,username,password,note
0a9700100311808fd67069cd00e600b7.web-security-academy.net,https://0a9700100311808fd67069cd00e600b7.web-security-academy.net/login,administrator'--,sdfsdfs,
0afe000a03bac6b580f09ea3005200f3.web-security-academy.net,https://0afe000a03bac6b580f09ea3005200f3.web-security-academy.net/register,omerfrank,123456789,
account.proton.me,https://account.proton.me/pass/signup,orsharon04122005@gmail.com,5Sd$fMvm%LhitALnJ,
account.protonvpn.com,https://account.protonvpn.com/signup/create-account,pook_27,8Ch4yFzs37Fa7JJ,
account.reverso.net,https://account.reverso.net/register/context.reverso.net/en,c964608@urhen.com,shlomi1234,
account.wbgames.com,https://account.wbgames.com/home,thiccckkque@gmail.com,jzentus987!@#,
accounts.google.com,https://accounts.google.com/SignUp,guysharon01032004,shlomi12,
accounts.google.com,https://accounts.google.com/lifecycle/steps/signup/password,scannertron3000@gmail.com,Shl!ntyShlontyFR1ckat1v3,
accounts.google.com,https://accounts.google.com/signin/v2/challenge/pwd,orsharon04122005@gmail.com,shlomi1234?!@,
accounts.google.com,https://accounts.google.com/signin/v2/challenge/pwd,thiccckkque@gmail.com,thiccckkque123!@#,
accounts.google.com,https://accounts.google.com/signin/v2/challenge/pwd,yali070806,Tcdsvu12,
accounts.google.com,https://accounts.google.com/signin/v2/sl/pwd,tembelgadolbatahat,jzentus420,
accounts.google.com,https://accounts.google.com/signin/v2/speedbump/changepassword,ors04@hityash.org,jzentus987!@#,
accounts.google.com,https://accounts.google.com/v3/signin/challenge/pwd,bintusbantus@gmail.com,jzentus987,
accounts.google.com,https://accounts.google.com/v3/signin/challenge/pwd,orsharon04122005@gmail.com,shlomi1234!?,
accounts.google.com,https://accounts.google.com/v3/signin/challenge/pwd,sukariothaknesset@gmail.com,Shl!ntyShlontyFR1ckat1v3,
accounts.pixiv.net,https://accounts.pixiv.net/login,thiccckkque@gmail.com,thiccckkque123,
accounts.spotify.com,https://accounts.spotify.com/en/login,thiccckkque@gmail.com,thiccckkque123,
accounts.spotify.com,https://accounts.spotify.com/en/login,y9oivq8ouit9spmrqcng3u99a,jzentus420!?,
accounts.spotify.com,https://accounts.spotify.com/en/login/,thiccckkque@gmail.com,thiccckkque123,
akkaa26.newgrounds.com,https://akkaa26.newgrounds.com/passport/mode/iframe,pook27,di2GYGWEi59Ur27,
app.android.twitch.tv,android://dKranQB7c5H2WKHJF5rygyRh5-vrf7ZVODNX_XoJgJ5YncxgwK7vbH1kZrYCLmv68MEawe5nFA-sfKQk9mrbFQ==@tv.twitch.android.app/,pook_27,thiccckkque123,
app.bigizone.co.il,https://app.bigizone.co.il/,sukariothaknesset@gmail.com,shlapo234!,
app.exchangerate-api.com,https://app.exchangerate-api.com/sign-up,thiccckkque@gmail.com,shlomi1234,
app.later.com,https://app.later.com/new_account,thiccckkque@gmail.com,shlomi1234,
app.netlify.com,https://app.netlify.com/signup/email,thiccckkque@gmail.com,xQm9VSZZeH2GMEn,
app.strem.io,https://app.strem.io/shell-v4.4/,tembelgadolbatahat@gmail.com,jzentus420,
apps2.education.gov.il,https://apps2.education.gov.il/EduLogin/SetPassword.aspx,orsharon04122005@gmail.com,shlomi1234,
archive.org,https://archive.org/account/signup,thiccckkque@gmail.com,shlomi1234,
atuda.co,https://atuda.co/,student,1506202510,
auth.fandom.com,https://auth.fandom.com/register,Pook27,shlomi1234,
auth.mangadex.org,https://auth.mangadex.org/realms/mangadex/protocol/openid-connect/auth,pook_27,shlomi1234,
auth.netacad.com,https://auth.netacad.com/auth/realms/skillsforall/login-actions/registration,orsharon04122005@gmail.com,SvfMueVh6E48FGZ!,
auth.riotgames.com,https://auth.riotgames.com/login,pook27,shlomi1234,
authenticate.riotgames.com,https://authenticate.riotgames.com/,pook27,shlomi1234,
bitly.com,https://bitly.com/a/sign_up,pook27,shlomi1234,
blindwave.com,https://blindwave.com/register/,pook27,6$d6)!4aqKck,
bsky.app,https://bsky.app/profile/houseofhedge.bsky.social,thiccckkque@gmail.com,shlomi1234,
cetlogin.cet.ac.il,https://cetlogin.cet.ac.il/nidp/app/login,327944047,123456,
chyoa.com,https://chyoa.com/,pook_27,shlomi1234,
client.embyiltv.io,https://client.embyiltv.io/sign-up,scannertron3000@gmail.com,rfg83FK6SXakdpr!,
client.embyiltv.io,https://client.embyiltv.io/subscriptions,scanner,rfg83FK6SXakdpr!,
club.pokemon.com,https://club.pokemon.com/us/pokemon-trainer-club/parents/sign-up,SHADAB27,Shlomi(1234),
connect.ubisoft.com,https://connect.ubisoft.com/login,thiccckkque@gmail.com,shlomi1234,
create.cprewritten.net,https://create.cprewritten.net/,pook27,AA2Q978muGCfNLrtK,
create.kahoot.it,https://create.kahoot.it/login,noynaama12,123456,
create.kahoot.it,https://create.kahoot.it/login,wolfela64@gmail.com,elawolf12,
data.typeracer.com,https://data.typeracer.com/pit/verify_email,pook_27,shlomi1234,
developer.playfab.com,https://developer.playfab.com/en-US/sign-up,thiccckkque@gmail.com,e3MybpmTRt_Dz!K,
discord.com,https://discord.com/login,tembelgadolbatahat@gmail.com,jzentus420,
discord.com,https://discord.com/login,thiccckkque@gmail.com,verystrong123!@#,
discordapp.com,https://discordapp.com/channels/170601678658076672/378224398039253003,thiccckkque@gmail.com,thiccckkque123,
discordapp.com,https://discordapp.com/channels/@me/539452941229359104,Oyoyoy,thiccckkque123,
duelingnexus.com,https://duelingnexus.com/,thiccckkque@gmail.com,GtMZvZLaqBuDK4h,
duolingo.com,android://L1TRxRU1nefBasvpUeL3c2GtPorqDYd3RrKiayPQweHLcmwXAwiu00ZbHu00Hhl7FL1Qg4IywNF6uP9wS6v3BA==@com.duolingo/,pook_attack27,shlomi1234,
e-hentai.org,https://e-hentai.org/bounce_login.php,pook_27,shlomi1234,
editor.p5js.org,https://editor.p5js.org/signup,pook_27,shlomi1234,
essays.acc.co.il,https://essays.acc.co.il/,327944047,327944047,
eu-north-1.signin.aws.amazon.com,https://eu-north-1.signin.aws.amazon.com/oauth,or-admin,Up123!@#r,
eu.battle.net,https://eu.battle.net/login/en/,thiccckkque@gmail.com,shlomi1234,
eyalprojects.monday.com,https://eyalprojects.monday.com/users/invitation/accept,,thiccckkque123!?,
f95zone.to,https://f95zone.to/,thiccckkque@gmail.com,thiccckkque123,
f95zone.to,https://f95zone.to/login/login,thiccckkque@gmail.com,thiccckkque123,
forums.pokemmo.eu,https://forums.pokemmo.eu/index.php,pook27,thiccckkque123,
frontpage.reddit.com,android://ZQ55YqxHQIopMmkmSTqM9aEo-Te_3coMxWGFooYH8eEIbzN20y59fh7bnrCiMynmMAvDanWZqFTwouJF2yA1Ng==@com.reddit.frontpage/,pook_27,shlomi1234,
genius.com,https://genius.com/signup,pook_27,shlomi1234,
genius.com,https://genius.com/user_session,thiccckkque@gmail.com,shlomi1234,
genshin.mihoyo.com,https://genshin.mihoyo.com/pc-launcher/,tembelgadolbatahat@gmail.com,jzentus420,
github.com,https://github.com/join,thiccckkque@gmail.com,thiccckkque123,
h5.ygo.instantfuns.com,https://h5.ygo.instantfuns.com/,thiccckkque@gmail.com,eUdrxR377i56UXf,
he-il.facebook.com,https://he-il.facebook.com/reg/,ors04@hityash.org,zcPS8yri6RwSCdJ,
help.steampowered.com,https://help.steampowered.com/en/wizard/Login,pook_27,1a2z3s6hl8_p+,
http://10.10.10.11,http://10.10.10.11/login,admin,admin2024,
http://10.100.128.60:3000,http://10.100.128.60:3000/login,Or,123,
http://10.100.128.60:3000,http://10.100.128.60:3000/login,admin,admin,
http://10.100.128.60:3000,http://10.100.128.60:3000/login,mia,123,
http://10.100.128.60:3000,http://10.100.128.60:3000/login,shlomi,123,
http://192.168.80.135,http://192.168.80.135/,admin,eve,
http://atuda.co,http://atuda.co/phpmyadmin/,13,1313131313,
http://ebag.cet.ac.il,http://ebag.cet.ac.il/,327944047,123456,
http://fontstruct.com,http://fontstruct.com/sign_in,diklasharon,shlomi12,
http://kittensgame.com,http://kittensgame.com/ui/register,thiccckkque@gmail.com,thiccckkque123,
http://kizi.com,http://kizi.com/,DFRTFDG,DFRTFDG,
http://kizi.com,http://kizi.com/,PORLAK,PORLAK,
http://kizi.com,http://kizi.com/,TANINYOHUS,123,
http://kizi.com,http://kizi.com/,nani502,1234567,
http://kizi.com,http://kizi.com/,or27,or27,
http://kizi.com,http://kizi.com/games/go-kizi-go,PORLAK,PORLAK,
http://localhost:5173,http://localhost:5173/,admin@example.com,SuperSecretPassword123!,
http://localhost:5173,http://localhost:5173/,omerKrong@123.org,verystrongindeed123!@#,
http://localhost:5174,http://localhost:5174/,omerKrong@123.org,verystrongindeed123!@#,
http://mybag.ebag.cet.ac.il,http://mybag.ebag.cet.ac.il/Dashboard/Common/Login.aspx,327944047,123456,
http://naruto.oasgames.com,http://naruto.oasgames.com/en/login,orsharon04122005@gmail.com,shlomi1234,
http://nas.local,http://nas.local/login,admin,admin,
http://nas.local,http://nas.local/login,juval,123,
http://nas.local,http://nas.local/login,or,123,
http://nas.local,http://nas.local/login,shlomi,123,
http://ninja.joyfun.com,http://ninja.joyfun.com/ld_register,jacke12@gmail.com,shlomi1234,
http://op2.joygames.me,http://op2.joygames.me/,jack12e@gmail.com,shlomi1234,
http://pokemon-planet.com,http://pokemon-planet.com/,pook,shlomi1234!,
http://pokemon-planet.com,http://pokemon-planet.com/index.php,pook27,shlomi1234!,
http://poster.unigame.me,http://poster.unigame.me/hunter/reg,jack12e@gmail.com,shlomi1234,
http://poster.vivagames.me,http://poster.vivagames.me/tlc/reg,thiccckkque@gmail.com,thiccckkque123,
http://poster2.joygames.me,http://poster2.joygames.me/op2/reg,jack12e@gmail.com,shlomi1234,
http://www.happycrochethooks.com,http://www.happycrochethooks.com/account/register,miriams@ghi.org.il,dekker,
http://www.icmega.co.il,http://www.icmega.co.il/org/signin.aspx,028886349,dikla196,
http://www.kongregate.com,http://www.kongregate.com/games/juicybeast/burrito-bison-launcha-libre,pook_27,shlomi1234,
http://www.neopets.com,http://www.neopets.com/signup/index.phtml,pook_27,shlomi1234,
http://www.oasgames.com,http://www.oasgames.com/lp/narutoen/lp.php,orsharon04122005@gmail.com,shlomi1234,
http://www.pokemotion.net,http://www.pokemotion.net/,TRIO,123456789,
http://www.tetrisfriends.com,http://www.tetrisfriends.com/users/_inc/_registerForm.php,pook_27,shlomi1234,
http://www.yo-yoo.co.il,http://www.yo-yoo.co.il/trivia/register.php,thiccckkque@gmail.com,פוק123,
hypnohub.net,https://hypnohub.net/post/show/93481/animated_gif-black_hair-bottomless-breasts-buddybo,pook_27,shlomi1234,
hypnosis.porn,https://hypnosis.porn/,fokimt4, 1b21c967,
idcs-1589d90b1aaa425e8774801ca85a2e73.identity.oraclecloud.com,https://idcs-1589d90b1aaa425e8774801ca85a2e73.identity.oraclecloud.com/ui/v1/signin,orsharon04122005@gmail.com,Yh43NK5fkMk8CBA!1,
idcs-a078d5120df9474e9f5a143393912eb6.identity.oraclecloud.com,https://idcs-a078d5120df9474e9f5a143393912eb6.identity.oraclecloud.com/ui/v1/resetpwd,orsharon04122005@gmail.com,Yh43NK5fkMk8CBA!1,
ident.familysearch.org,https://ident.familysearch.org/en/identity/login/,fokimt4,666FnUJxcRwL5Bb,
il.brainpop.com,https://il.brainpop.com/login/,בריינפופ23,בריינפופ23,
itch.io,https://itch.io/register,pook_27,shlomi1234,
jstris.jezevec10.com,https://jstris.jezevec10.com/register,thiccckkque@gmail.com,shlomi1234,
kemono.cr,https://kemono.cr/authentication/login,pook_27,thiccckkque123,
kemono.party,https://kemono.party/account/login,pook_27,thiccckkque123,
kemono.su,https://kemono.su/account/login,pook_27,thiccckkque123,
kidum-me.com,https://kidum-me.com/,327944047,327944047,
kittensgame.com,https://kittensgame.com/web/,thiccckkque@gmail.com,thiccckkque123,
kizi.com,https://kizi.com/,DFRTFDG,DFRTFDG,
kizi.com,https://kizi.com/,PORLAK,PORLAK,
kizi.com,https://kizi.com/,TANINYOHUS,123,
kizi.com,https://kizi.com/,nani502,1234567,
kizi.com,https://kizi.com/,or27,or27,
lechlewds.newgrounds.com,https://lechlewds.newgrounds.com/passport/mode/iframe,pook27,di2GYGWEi59Ur27,
letterboxd.com,https://letterboxd.com/,pook27,YkKkeEKUVusHdv6,
lgn.edu.gov.il,https://lgn.edu.gov.il/nidp/wsfed/ep,4223346,7117,
login.bankhapoalim.co.il,https://login.bankhapoalim.co.il/ng-portals/auth/he/,shloopy777,GELP43ZUK,
login.gov.il,https://login.gov.il/nidp/saml2/sso,327944047,Shlim123!&4e,
login.haaretz.co.il,https://login.haaretz.co.il/register,orsharon04122005@gmail.com,TrickyDickDoingShticks!@#123,
login.proboards.com,https://login.proboards.com/pbn/register,gimedat,דיךםצן1234,
lumen.ni.com,https://lumen.ni.com/nicif/create.xhtml,thiccckkque@gmail.com,thiccckkque123!?,
mangadex.org,https://mangadex.org/login,pook_27,shlomi1234,
mangadex.org,https://mangadex.org/signup,pook_27,shlomi1234,
mathstodon.xyz,https://mathstodon.xyz/auth/sign_up,thiccckkque@gmail.com,zeqJD4pRjp2BUBz,
me.crossprint.io,https://me.crossprint.io/GPPSCLOUD/Login.aspx,orsharon04122005@gmail.com,p9rtze,
meida.kinneret.ac.il,https://meida.kinneret.ac.il/Portals/student/login,327944047,Shlomi1234!?,
mobile.twitter.com,https://mobile.twitter.com/login,orsharon04122005@gmail.com,jzentus987!@#,
monkeytype.com,https://monkeytype.com/login,pook27,Fc3zn27vwYBkciC!,
moodle.kinneret.ac.il,https://moodle.kinneret.ac.il/login/index.php,327944047,Shlomi1234!?,
moodle.mashov.info,https://moodle.mashov.info/kinneret/login/index.php,327944047,arbire7654,
moodle85.kinneret.ac.il,https://moodle85.kinneret.ac.il/login/index.php,327944047,Shlomi1234!?,
music.spotify.com,android://79xEc7TXh3cNp5rV9kci8i6AYyfPq8BmRomGIiNpLtXCAx3qy5RICnOQLbMJaQ1UNGV_N7sSK1dLpTmEZQ8csg==@com.spotify.music/,thiccckkque@gmail.com,thiccckkque123,
my.babbel.com,https://my.babbel.com/en/product-preview-usa/FRA/default/node/4,,gjghjgjgjdoifsdfphgoueriugh;dognbl,
my.hirezstudios.com,https://my.hirezstudios.com/my-account/,shlomi1234,pook27,
my.kinneret.ac.il,https://my.kinneret.ac.il/getpwd,327944047,Shlomi1234!?,
my.minecraft.net,https://my.minecraft.net/en-us/store/minecraft/,thiccckkque@gmail.com,XWADwQnhGf7krhW,
my.mitgaisim.idf.il,https://my.mitgaisim.idf.il/login,327944047,Mayy2024!,
my.pottermore.com,https://my.pottermore.com/account/join/verify,jack12e@gmail.com,LTrgv5QDDMnVX8S,
my.pottermore.com,https://my.pottermore.com/account/join/verify,thiccckkque@gmail.com,wFPVtpT9ZkJsiTm,
my.wizardingworld.com,https://my.wizardingworld.com/register,naneva@3nixmail.com,GEj2?#TycM@BqJG,
myaccount.nytimes.com,https://myaccount.nytimes.com/auth/register,kehal97620@frost2d.net,!@:4(sua8AbzbYu,
naruto.narutowebgame.com,https://naruto.narutowebgame.com/serverlist,bintusbantus@gmail.com,Shm1nk15auru5!,
naruto.oasgames.com,https://naruto.oasgames.com/en/login,orsharon04122005@gmail.com,shlomi1234,
naruto.oasgames.com,https://naruto.oasgames.com/en/serverlist,thiccckkque@gmail.com,shlomi1234,
nas.atuda.co,https://nas.atuda.co/cgi-bin/,student,1111122222,
networklessons.com,https://networklessons.com/wp-login.php,sukariothaknesset@gmail.com,PVpH#&^17AR0MuZA3Rwg0kFI,
nhentai.net,https://nhentai.net/login/,pook_27,shlomi1234,
niantic-sso.kws.superawesome.tv,https://niantic-sso.kws.superawesome.tv/en/register,Flotz gadol8,shlomi1234,
ninjakiwi.com,https://ninjakiwi.com/complete,ors04@hityash.org,93vkpuJRE2gN_R7,
ninjakiwi.com,https://ninjakiwi.com/register,or04@hityash.org,93vkpuJRE2gN_R7,
op.joygames.me,https://op.joygames.me/,jack12e@gmail.com,shlomi1234,
op2.joygames.me,https://op2.joygames.me/,jack12e@gmail.com,shlomi1234,
passport.lenovo.com,https://passport.lenovo.com/wauthen5/userLogin,shlomi@ambar.co.il,MONITOR17,
pirates.my.com,https://pirates.my.com/en/founders-packs,orsharon04122005@gmail.com,shlomi12,
plarium.com,https://plarium.com/landings/en/vikings/top_s,,shlomi1234,
play.aidungeon.io,https://play.aidungeon.io/main/loginRegister,thiccckkque@gmail.com,shlomi1234,
play.embyil.tv,https://play.embyil.tv/web/index.html,scanner,rfg83FK6SXakdpr!,
play.typeracer.com,https://play.typeracer.com/,pook_27,shlomi1234,
pngtree.com,https://pngtree.com/freepng/medical-mask-watercolor-blue-side-face_5335490.html,pook_27,shlomi1234,
pokemmo.eu,https://pokemmo.eu/account/,pook27,**************,
politicsandwar.com,https://politicsandwar.com/login/,thiccckkque@gmail.com,shlomi1234,
politicsandwar.com,https://politicsandwar.com/nation/create/,Gimedat,shlomi1234,
portswigger.net,https://portswigger.net/users,orsharon04122005@gmail.com,"2p72%o3s(Do[+k8$T'6+BE2Z~kPP8Yq""",
presenti.ai,https://presenti.ai/user/login/,haxifo8926@wacold.com,shlinka123!,
readonlymind.com,https://readonlymind.com/login/,pook_27,shlomi1234,
register.koggames.com,https://register.koggames.com/elswordonline,,shlomi1234,
remotedesktop.google.com,https://remotedesktop.google.com/access,Zlaptop-pc-or,196152,
rule34.xxx,https://rule34.xxx/index.php,pook_27,shlomi1234,
s1.tennismania.com,https://s1.tennismania.com/,thiccckkque@gmail.com,44T8JypY!3Xr@SM,
scratch.mit.edu,https://scratch.mit.edu/projects/editor/,pook_attack,123456,
sdarot.dev,https://sdarot.dev/,shlomi.sharon@gmail.com,monitor17,
sdarot.tv,https://sdarot.tv/,shlomi.sharon@gmail.com,monitor17,
secure.runescape.com,https://secure.runescape.com/m=account-creation/create_account,thiccckkque@gmail.com,shlomi1234,
shortyawards.com,https://shortyawards.com/account/signup,thiccckkque@gmail.com,7#RtdK6FNp2#Ft6,
signin.aws.amazon.com,https://signin.aws.amazon.com/signup,bintusbantus@gmail.com,Biyynk70List-l!,
signin.aws.amazon.com,https://signin.aws.amazon.com/signup,orsharon041220052gmail.com,Up123!@#r,
signin.ea.com,https://signin.ea.com/p/web2/create,pook2pook7,Shlomi1234,
signin.ebay.com,https://signin.ebay.com/ws/eBayISAPI.dll,lahav6541,Hala6541,
signup.cloud.oracle.com,https://signup.cloud.oracle.com/,orsharon04122005@gmail.com,Yh43NK5fkMk8CBA!,
signup.eune.leagueoflegends.com,https://signup.eune.leagueoflegends.com/en/signup/index,thepookiscool,shlomi1234,
signup.euw.leagueoflegends.com,https://signup.euw.leagueoflegends.com/en/signup/index,thiccckkque@gmail.com,pook27,
signup.leagueoflegends.com,https://signup.leagueoflegends.com/en-us/signup/index,thiccckkque,thiccckkque123,
smile.amazon.com,https://smile.amazon.com/ap/signin,miriams@ghi.org.il,dekker17,
socialblade.com,https://socialblade.com/login,thiccckkque@gmail.com,shlomi1234,
socialblade.com,https://socialblade.com/register,pook,shlomi1234,
socialbluebook.com,https://socialbluebook.com/,thiccckkque@gmail.com,thiccckkque123,
southpark.cc.com,https://southpark.cc.com/iframes/account/register,pook_27,shlomi1234,
sso.pokemon.com,https://sso.pokemon.com/sso/login,SHADAB27,Shlomi(1234),
stabilityai.us.auth0.com,https://stabilityai.us.auth0.com/u/signup,thiccckkque@gmail.com,GYYp8mjeGcJ2iqR,
steamcommunity.com,https://steamcommunity.com/login/home/,pook_27,1a2z3s6hl8_p+,
steamcommunity.com,https://steamcommunity.com/login/home/,pook_27_,shlomi1234,
store.steampowered.com,https://store.steampowered.com/join/,pook_27,1a2z3s6hl8_p+,
store.steampowered.com,https://store.steampowered.com/login/,pook_27_,shlomi1234,
tankionline.com,https://tankionline.com/play/,pook_27,shlomi1234,
tetr.io,https://tetr.io/,POOK,i2J@2s!Ex!P4ViB,
tlauncher.org,https://tlauncher.org/en/reg/,thiccckkque@gmail.com,shlomi1234,
trimps.github.io,https://trimps.github.io/,pook27,YXaR@2uVLbBNR49,
tvtropes.org,https://tvtropes.org/pmwiki/query.php,pook_27,shlomi1234,
twitter.com,https://twitter.com/,eg9gXaamQWFWiIf,jzentus420,
twitter.com,https://twitter.com/login,orsharon04122005@gmail.com,jzentus987!@#,
ui2.worldspinner.com,https://ui2.worldspinner.com/accounts/create.html,thiccckkque@gmail.com,thiccckkque123,
us-east-1.console.aws.amazon.com,https://us-east-1.console.aws.amazon.com/iam/home,or-admin,Up123!@#r,
us02web.zoom.us,https://us02web.zoom.us/signin,ors04@hityash.org,Jzentus420,
us04web.zoom.us,https://us04web.zoom.us/signin,ors04@hityash.org,Jzentus420,
us05web.zoom.us,https://us05web.zoom.us/signin,ors04@hityash.org,Jzentus420,
users.nexusmods.com,https://users.nexusmods.com/auth/sign_up,TheOneAndOnlyPook,EuYSS22EMR7qWdr,
users.wix.com,https://users.wix.com/signin,tembelgadolbatahat@gmail.com,shlomi1234,
vote.nba.com,https://vote.nba.com/en/sign-up,sukariothaknesset@gmail.com,qwertyuiopQ!,
vrv.co,https://vrv.co/,tembelgadolbatahat@gmail.com,shlomi1234,
vsbattles.com,https://vsbattles.com/login/register,pook27,shlomi1234,
web.mashov.info,https://web.mashov.info/students/,327944047,arbire7654,
web.mashov.info,https://web.mashov.info/students/login,327944047,arbire7654,
web.mashov.info,https://web.mashov.info/students/main/mailbox/compose,fkusername,arbire567,
windscribe.com,https://windscribe.com/signup,pook_27,shlomi1234,
www.022.co.il,https://www.022.co.il/BRPortal/br/P004.jsp,327944047,327944047,
www.022.co.il,https://www.022.co.il/BRPortal/br/P004.jsp,מ,246810,
www.022.co.il,https://www.022.co.il/BRPortal/br/P004.jsp,מיהשרון0,246810,
www.amazon.com,https://www.amazon.com/ap/signin,miriams@ghi.org.il,dekker17,
www.amazon.com,https://www.amazon.com/ap/signin,shlomi.sharon@gmail.com,Monitor17,
www.busuu.com,https://www.busuu.com/en/register,thiccckkque@gmail.com,"8z:ud?v-myXJ,2Z",
www.calligraphr.com,https://www.calligraphr.com/en/accounts/register/,ors04@hityash.org,yD9A92$kZ?7f-_p,
www.cgtrader.com,https://www.cgtrader.com/items/82986/download-page,higobo2448@keevle.com,shmorkula123,
www.chess.com,https://www.chess.com/login,pook_27,thiccckkque123,
www.chess.com,https://www.chess.com/register,pook_27,thiccckkque123,
www.conflictnations.com,https://www.conflictnations.com/index.php,areslursallowed,pws.vLb9wGnzd%Z,
www.dailymotion.com,https://www.dailymotion.com/signup,thiccckkque@gmail.com,shlomi1234!,
www.deviantart.com,https://www.deviantart.com/users/login,pook27,shlomi1234,
www.dropbox.com,https://www.dropbox.com/s/umf2oyb31xydd9r/Get%20Started%20with%20Dropbox.pdf,haya@danpal.com,hl6541,
www.duolingo.com,https://www.duolingo.com/,miasharon23072010@gmail.com,slomi1234,
www.duolingo.com,https://www.duolingo.com/,orsharon04122005@gmail.com,shlomi1234,
www.duolingo.com,https://www.duolingo.com/comment/6267042/Yo-veo-un-p%C3%A1jaro-en-el-techo,pook_attack27,shlomi1234,
www.duolingo.com,https://www.duolingo.com/learn,orsharon04122005@gmail.com,shlomi1234,
www.epicgames.com,https://www.epicgames.com/id/login,pook_27,shlomi1234,
www.epicgames.com,https://www.epicgames.com/id/login/epic,thiccckkque@gmail.com,shlomi1234,
www.facebook.com,https://www.facebook.com/,bintusbantus@gmail.com,jzentus420,
www.facebook.com,https://www.facebook.com/login/web/,ors04@hityash.org,zcPS8yri6RwSCdJ,
www.familysearch.org,https://www.familysearch.org/en/identity/signup/username-password,fokimt4,666FnUJxcRwL5Bb,
www.fandom.com,https://www.fandom.com/register,pook27,shlomi1234,
www.freeuseporn.com,https://www.freeuseporn.com/login,pook_27,thiccckkque123,
www.geoguessr.com,https://www.geoguessr.com/signin,tembelgadolbatahat@gmail.com,jzentus420,
www.geoguessr.com,https://www.geoguessr.com/signin,thiccckkque@gmail.com,thiccckkque123,
www.grammarly.com,https://www.grammarly.com/signup,ors04@hityash.org,Jzentus420,
www.grammarly.com,https://www.grammarly.com/signup,thiccckkque@gmail.com,thiccckkque123,
www.griddlers.net,https://www.griddlers.net/iw/pages/registration,n_word_69,thiccckkque123,
www.h-suki.com,https://www.h-suki.com/forum/ucp.php,pook27,Thiccckkque123!,
www.harrypotter.com,https://www.harrypotter.com/register,bintusbantus@gmail.com,Safe0543!3d,
www.instagram.com,https://www.instagram.com/,_or_sharon_,jzentus420!?,
www.instagram.com,https://www.instagram.com/accounts/emailsignup/,helloiamyse,jzentus420!?,
www.instagram.com,https://www.instagram.com/accounts/login/,pook_ha_pinguin,jzentus420,
www.jetpunk.com,https://www.jetpunk.com/quizzes/english-monarchs-quiz,pook27,shlomi1234,
www.kingdomofloathing.com,https://www.kingdomofloathing.com/choice.php,Tembel Gadol,shlomi1234,
www.kongregate.com,https://www.kongregate.com/games/Juppiomenz/bit-heroes,pook_27,shlomi1234,
www.leumi-card.co.il,https://www.leumi-card.co.il/he-il/Pages/default.aspx,a*****av,xdre1598,
www.linkedin.com,https://www.linkedin.com/start/join,youaremydaffy@gmail.com,fVZD68RX67XEqnJ,
www.lionbrand.com,https://www.lionbrand.com/customer/account/changeforgotten/,,2017dekker2,
www.lionbrand.com,https://www.lionbrand.com/customer/account/create/,miriams@ghi.org.il,dekker,
www.lwks.com,https://www.lwks.com/index.php,pook_27,shlomi1234,
www.machon-noam.co.il,https://www.machon-noam.co.il/login-page,diklasharon@gmail.com,Dece2022,
www.marom360.co.il,https://www.marom360.co.il/elementor-25043/,orsharon04122005@gmail.com,nove2023,
www.marymaxim.com,https://www.marymaxim.com/customer/account/login/,miriams@ghi.org.il,2017dekker2,
www.mikmak.co.il,https://www.mikmak.co.il/jsp/users/login.jsp,קול2727,אור2727,
www.mitgaisim.idf.il,https://www.mitgaisim.idf.il/,327944047,Mayy2024!,
www.mycompiler.io,https://www.mycompiler.io/signup,pook_27,3g6xStAa3sKbNL2,
www.nationstates.net,https://www.nationstates.net/,Countrynationland,shlomi1234,
www.nationstates.net,https://www.nationstates.net/,gimedat,shlomi1234,
www.nationstates.net,https://www.nationstates.net/page=create_nation1,Colonozia,shlomi1234,
www.nationstates.net,https://www.nationstates.net/page=create_nation1,thiccckkque@gmail.com,shlomi1234,
www.nationstates.net,https://www.nationstates.net/page=create_nation1/check=1,gimedat,shlomi1234,
www.netflix.com,https://www.netflix.com/il-en/login,shlomi.sharon@gmail.com,Monitor17,
www.newgrounds.com,https://www.newgrounds.com/passport/mode/iframe/signup/new,pook27,di2GYGWEi59Ur27,
www.nutaku.net,https://www.nutaku.net/games/fap-ceo/,thiccckkque@gmail.com,5tZ5AzfeaUy2ZTd,
www.openstreetmap.org,https://www.openstreetmap.org/user/new,thiccckkque@gmail.com,shlomi1234,
www.paypal.com,https://www.paypal.com/signin/inject/,miriams@ghi.org.il,dekker,
www.picturepunches.com,https://www.picturepunches.com/login,pook_27,shlomi1234,
www.pinterest.com,https://www.pinterest.com/,miriams@ghi.org.il,dekker,
www.pinterest.com,https://www.pinterest.com/,thiccckkque@gmail.com,thiccckkque123,
www.pinterest.com,https://www.pinterest.com/pin/302233824968031929/,orsharon04122005@gmail.com,shlomi1234,
www.playcodemonkey.com,https://www.playcodemonkey.com/,orsharon04122005@gmail.com,K9PVEw6X7u3NNFa,
www.playcodemonkey.com,https://www.playcodemonkey.com/,pook,K9PVEw6X7u3NNFa,
www.pokeisrael.net,https://www.pokeisrael.net/,POOK,123,
www.pokeisrael.net,https://www.pokeisrael.net/,שדב,גזר1,
www.pokeisrael.net,https://www.pokeisrael.net/guest-register,שדבשדב,גזר123,
www.pokeisrael.net,https://www.pokeisrael.net/index.php,rodrik,12345,
www.pokeisrael.net,https://www.pokeisrael.net/index.php,walner,tcdsvu12,
www.pokeisrael.net,https://www.pokeisrael.net/index.php,רווח,74120,
www.pokeisrael.net,https://www.pokeisrael.net/index.php,שדב,גזר1,
www.reddit.com,https://www.reddit.com/login/,fokimt4,thiccckkque123,
www.reddit.com,https://www.reddit.com/login/,pook_27,thiccckkque123,
www.reddit.com,https://www.reddit.com/r/scrapclicker/comments/89160i/magnets/,pook_27,thiccckkque123,
www.reddit.com,https://www.reddit.com/register/,onein4,shlomi1234,
www.reddit.com,https://www.reddit.com/user/pook_27/submit,u/pook_27,shlomi1234,
www.roblox.com,https://www.roblox.com/,pook_27,shlomi1234,
www.roblox.com,https://www.roblox.com/account/signupredir,rickandtheotherone,shlomi1234,
www.roblox.com,https://www.roblox.com/login,rickandtheotherone,shlomi1234,
www.roblox.com,https://www.roblox.com/newlogin,pook_27,shlomi1234,
www.speedrun.com,https://www.speedrun.com/,pook_27,shlomi1234,
www.speedrun.com,https://www.speedrun.com/terraria,pook_27,shlomi1234,
www.spotify.com,https://www.spotify.com/il/signup/,thiccckkque@gmail.com,thiccckkque123,
www.steimatzky.co.il,https://www.steimatzky.co.il/checkout/onepage/,orsharon04122005@gmail.com,ff!8XCs93qRRZSq,
www.stremio.com,https://www.stremio.com/login,tembelgadolbatahat@gmail.com,jzentus420,
www.swarmsim.com,https://www.swarmsim.com/,thiccckkque@gmail.com,shlomi1234,
www.tetrisfriends.com,https://www.tetrisfriends.com/users/login.php,jack12e@gmail.com,shlomi1234,
www.the-key.net,https://www.the-key.net/,,6438,
www.the-key.net,https://www.the-key.net/%D7%98%D7%95%D7%A4%D7%A1_%D7%94%D7%A8%D7%A9%D7%9E%D7%94,ors04@hityash.org,jzentus987,
www.thewikigame.com,https://www.thewikigame.com/group,Pook,shlomi1234,
www.tumblr.com,https://www.tumblr.com/,thiccckkque@Gmail.com,shlomi1234,
www.tumblr.com,https://www.tumblr.com/login,thiccckkque@gmail.com,shlomi1234,
www.twitch.tv,https://www.twitch.tv/videos/534302389,pook_27,thiccckkque123,
www.vidlii.com,https://www.vidlii.com/register,pook,shlomi1234,
www.webkinz.com,https://www.webkinz.com/authenticate.html,diofromjojos,diofromjojos,
www.webwork-tracker.com,https://www.webwork-tracker.com/start-free-trial-now,tembelgadolbatahat@gmail.com,QYfNWDe7eua2LwP,
www.wix.com,https://www.wix.com/account/account-settings,,shlomi1234,
www.youcube.co.il,https://www.youcube.co.il/login/index.php,אור שרון,jzentus987,
www.youtube.com,https://www.youtube.com/watch,thiccckkque@gmail.com,thiccckkque123,
www.zoom.us,https://www.zoom.us/signin,ors04@hityash.org,Jzentus420,
x.com,https://x.com/i/flow/login,bintusbantus@gmail.com,ptB4LwCmjDGUDaK,
x.com,https://x.com/i/flow/password_reset,thiccckkque@gmail.com,ptB4LwCmjDGUDaK,
zoom.us,https://zoom.us/activate,sharon,Jzentus420,
zoom.us,https://zoom.us/signin,ors04@hityash.org,Jzentus420,
